Method,Job,AnalyzeLaunchVariance,EvaluateOverhead,MaxAbsoluteError,MaxRelativeError,MinInvokeCount,MinIterationTime,OutlierMode,Affinity,EnvironmentVariables,Jit,LargeAddressAware,Platform,PowerPlanMode,Runtime,AllowVeryLargeObjects,Concurrent,CpuGroups,Force,HeapAffinitizeMask,HeapCount,NoAffinitize,RetainVm,Server,Arguments,BuildConfiguration,Clock,EngineFactory,NuGetReferences,Toolchain,IsMutator,InvocationCount,IterationCount,IterationTime,LaunchCount,MaxIterationCount,MaxWarmupIterationCount,MemoryRandomization,MinIterationCount,MinWarmupIterationCount,RunStrategy,UnrollFactor,WarmupCount,Level,Mean,Error,StdDev,Gen0,Allocated
Generate,Job-UWREXV,False,Default,Default,Default,Default,Default,Default,0000000000000000,Empty,RyuJit,Default,Arm64,8c5e7fda-e8bf-4a96-9a85-a6e23a8c635c,.NET 10.0,False,True,False,True,Default,Default,False,False,False,Default,Default,Default,Default,Default,InProcessEmitToolchain,Default,1,3,Default,Default,Default,Default,Default,Default,Default,Default,1,1,1,27.69 μs,88.65 μs,4.859 μs,0.0000,13.13 KB
Generate,Job-UWREXV,False,Default,Default,Default,Default,Default,Default,0000000000000000,Empty,RyuJit,Default,Arm64,8c5e7fda-e8bf-4a96-9a85-a6e23a8c635c,.NET 10.0,False,True,False,True,Default,Default,False,False,False,Default,Default,Default,Default,Default,InProcessEmitToolchain,Default,1,3,Default,Default,Default,Default,Default,Default,Default,Default,1,1,10,521.61 μs,285.50 μs,15.649 μs,0.0000,168.93 KB
Generate,Job-UWREXV,False,Default,Default,Default,Default,Default,Default,0000000000000000,Empty,RyuJit,Default,Arm64,8c5e7fda-e8bf-4a96-9a85-a6e23a8c635c,.NET 10.0,False,True,False,True,Default,Default,False,False,False,Default,Default,Default,Default,Default,InProcessEmitToolchain,Default,1,3,Default,Default,Default,Default,Default,Default,Default,Default,1,1,20,"3,676.71 μs","1,723.59 μs",94.476 μs,0.0000,904.86 KB
Generate,Job-UWREXV,False,Default,Default,Default,Default,Default,Default,0000000000000000,Empty,RyuJit,Default,Arm64,8c5e7fda-e8bf-4a96-9a85-a6e23a8c635c,.NET 10.0,False,True,False,True,Default,Default,False,False,False,Default,Default,Default,Default,Default,InProcessEmitToolchain,Default,1,3,Default,Default,Default,Default,Default,Default,Default,Default,1,1,30,"3,706.75 μs",136.45 μs,7.479 μs,0.0000,878.27 KB
Generate,Job-UWREXV,False,Default,Default,Default,Default,Default,Default,0000000000000000,Empty,RyuJit,Default,Arm64,8c5e7fda-e8bf-4a96-9a85-a6e23a8c635c,.NET 10.0,False,True,False,True,Default,Default,False,False,False,Default,Default,Default,Default,Default,InProcessEmitToolchain,Default,1,3,Default,Default,Default,Default,Default,Default,Default,Default,1,1,40,"32,103.24 μs","1,218.96 μs",66.815 μs,0.0000,7384.38 KB
Generate,Job-UWREXV,False,Default,Default,Default,Default,Default,Default,0000000000000000,Empty,RyuJit,Default,Arm64,8c5e7fda-e8bf-4a96-9a85-a6e23a8c635c,.NET 10.0,False,True,False,True,Default,Default,False,False,False,Default,Default,Default,Default,Default,InProcessEmitToolchain,Default,1,3,Default,Default,Default,Default,Default,Default,Default,Default,1,1,50,"14,348.46 μs","18,760.28 μs","1,028.314 μs",1000.0000,15720.38 KB
Generate,Job-UWREXV,False,Default,Default,Default,Default,Default,Default,0000000000000000,Empty,RyuJit,Default,Arm64,8c5e7fda-e8bf-4a96-9a85-a6e23a8c635c,.NET 10.0,False,True,False,True,Default,Default,False,False,False,Default,Default,Default,Default,Default,InProcessEmitToolchain,Default,1,3,Default,Default,Default,Default,Default,Default,Default,Default,1,1,60,"11,639.31 μs","2,512.05 μs",137.694 μs,1000.0000,13321.17 KB
Generate,Job-UWREXV,False,Default,Default,Default,Default,Default,Default,0000000000000000,Empty,RyuJit,Default,Arm64,8c5e7fda-e8bf-4a96-9a85-a6e23a8c635c,.NET 10.0,False,True,False,True,Default,Default,False,False,False,Default,Default,Default,Default,Default,InProcessEmitToolchain,Default,1,3,Default,Default,Default,Default,Default,Default,Default,Default,1,1,70,"25,542.81 μs","1,388.00 μs",76.081 μs,3000.0000,29139.3 KB
Generate,Job-UWREXV,False,Default,Default,Default,Default,Default,Default,0000000000000000,Empty,RyuJit,Default,Arm64,8c5e7fda-e8bf-4a96-9a85-a6e23a8c635c,.NET 10.0,False,True,False,True,Default,Default,False,False,False,Default,Default,Default,Default,Default,InProcessEmitToolchain,Default,1,3,Default,Default,Default,Default,Default,Default,Default,Default,1,1,80,"8,940.69 μs","8,495.63 μs",465.674 μs,1000.0000,10308.38 KB
Generate,Job-UWREXV,False,Default,Default,Default,Default,Default,Default,0000000000000000,Empty,RyuJit,Default,Arm64,8c5e7fda-e8bf-4a96-9a85-a6e23a8c635c,.NET 10.0,False,True,False,True,Default,Default,False,False,False,Default,Default,Default,Default,Default,InProcessEmitToolchain,Default,1,3,Default,Default,Default,Default,Default,Default,Default,Default,1,1,90,"1,063.33 μs","1,344.96 μs",73.722 μs,0.0000,1438.71 KB
Generate,Job-UWREXV,False,Default,Default,Default,Default,Default,Default,0000000000000000,Empty,RyuJit,Default,Arm64,8c5e7fda-e8bf-4a96-9a85-a6e23a8c635c,.NET 10.0,False,True,False,True,Default,Default,False,False,False,Default,Default,Default,Default,Default,InProcessEmitToolchain,Default,1,3,Default,Default,Default,Default,Default,Default,Default,Default,1,1,100,"31,309.08 μs","3,673.42 μs",201.353 μs,4000.0000,38630.96 KB
Generate,Job-UWREXV,False,Default,Default,Default,Default,Default,Default,0000000000000000,Empty,RyuJit,Default,Arm64,8c5e7fda-e8bf-4a96-9a85-a6e23a8c635c,.NET 10.0,False,True,False,True,Default,Default,False,False,False,Default,Default,Default,Default,Default,InProcessEmitToolchain,Default,1,3,Default,Default,Default,Default,Default,Default,Default,Default,1,1,150,"9,552.18 μs",323.83 μs,17.750 μs,1000.0000,11469.44 KB
Generate,Job-UWREXV,False,Default,Default,Default,Default,Default,Default,0000000000000000,Empty,RyuJit,Default,Arm64,8c5e7fda-e8bf-4a96-9a85-a6e23a8c635c,.NET 10.0,False,True,False,True,Default,Default,False,False,False,Default,Default,Default,Default,Default,InProcessEmitToolchain,Default,1,3,Default,Default,Default,Default,Default,Default,Default,Default,1,1,200,"9,647.33 μs","1,742.93 μs",95.536 μs,1000.0000,11469.44 KB
Generate,Job-UWREXV,False,Default,Default,Default,Default,Default,Default,0000000000000000,Empty,RyuJit,Default,Arm64,8c5e7fda-e8bf-4a96-9a85-a6e23a8c635c,.NET 10.0,False,True,False,True,Default,Default,False,False,False,Default,Default,Default,Default,Default,InProcessEmitToolchain,Default,1,3,Default,Default,Default,Default,Default,Default,Default,Default,1,1,500,"9,688.29 μs","2,781.88 μs",152.484 μs,1000.0000,11469.44 KB
Generate,Job-UWREXV,False,Default,Default,Default,Default,Default,Default,0000000000000000,Empty,RyuJit,Default,Arm64,8c5e7fda-e8bf-4a96-9a85-a6e23a8c635c,.NET 10.0,False,True,False,True,Default,Default,False,False,False,Default,Default,Default,Default,Default,InProcessEmitToolchain,Default,1,3,Default,Default,Default,Default,Default,Default,Default,Default,1,1,999,"9,585.78 μs","1,003.11 μs",54.984 μs,1000.0000,11469.44 KB
